label,x0,y0,z0,x1,y1,z1,x2,y2,z2,x3,y3,z3,x4,y4,z4,x5,y5,z5,x6,y6,z6,x7,y7,z7,x8,y8,z8,x9,y9,z9,x10,y10,z10,x11,y11,z11,x12,y12,z12,x13,y13,z13,x14,y14,z14,x15,y15,z15,x16,y16,z16,x17,y17,z17,x18,y18,z18,x19,y19,z19,x20,y20,z20
ESPACO,0.19146224856376648,0.925534188747406,8.41048461097671e-07,0.30283406376838684,0.8865019083023071,-0.043563179671764374,0.39754390716552734,0.7991023063659668,-0.06057003140449524,0.4652223587036133,0.7211791276931763,-0.07540106773376465,0.5266650915145874,0.6719099879264832,-0.0892065167427063,0.3384576141834259,0.5865866541862488,-0.022439507767558098,0.39338362216949463,0.4629959464073181,-0.04641307517886162,0.42163437604904175,0.3817979395389557,-0.06968314200639725,0.44115525484085083,0.30905434489250183,-0.08797654509544373,0.27089574933052063,0.5529929995536804,-0.02471490390598774,0.3035949766635895,0.4021070599555969,-0.04516473039984703,0.3212814927101135,0.30611318349838257,-0.06782171875238419,0.33346766233444214,0.22199305891990662,-0.0851169154047966,0.20121708512306213,0.5555299520492554,-0.03380698710680008,0.21617966890335083,0.4119824767112732,-0.059268154203891754,0.2285161316394806,0.31985747814178467,-0.0836208239197731,0.24030150473117828,0.23538559675216675,-0.10066472738981247,0.12919294834136963,0.5882185697555542,-0.047265827655792236,0.10926805436611176,0.4822848439216614,-0.07493772357702255,0.09540873765945435,0.40988588333129883,-0.09006090462207794,0.08645930886268616,0.3368573486804962,-0.09937331825494766
ESPACO,0.1967000961303711,0.9272482395172119,8.385693490708945e-07,0.30646994709968567,0.8885653018951416,-0.04524261876940727,0.40273618698120117,0.8023091554641724,-0.06353133171796799,0.47185465693473816,0.728376030921936,-0.07930083572864532,0.5329475402832031,0.6848738193511963,-0.09393931180238724,0.33999890089035034,0.5884124040603638,-0.02629641257226467,0.3942602872848511,0.46497565507888794,-0.05052340030670166,0.42167362570762634,0.3839038610458374,-0.07368174195289612,0.44068989157676697,0.31132203340530396,-0.09193810820579529,0.27265822887420654,0.5553478598594666,-0.027772389352321625,0.3038143217563629,0.4045678973197937,-0.04824383929371834,0.32103511691093445,0.3088761568069458,-0.07020118087530136,0.3331194519996643,0.22568050026893616,-0.08722512423992157,0.2041090577840805,0.5581459403038025,-0.036055706441402435,0.21750956773757935,0.4155788719654083,-0.061385463923215866,0.22983615100383759,0.3237227201461792,-0.08574853092432022,0.24161741137504578,0.2404518723487854,-0.10292033106088638,0.1336071640253067,0.5909982919692993,-0.04891747608780861,0.11177502572536469,0.4852582812309265,-0.0765242800116539,0.09569491446018219,0.4121747612953186,-0.09207915514707565,0.08425118029117584,0.33930954337120056,-0.10182633996009827
ESPACO,0.1965712308883667,0.9256958961486816,8.496331815877056e-07,0.30590417981147766,0.8858776688575745,-0.045102559030056,0.40212327241897583,0.8018938899040222,-0.06439258903265,0.472034752368927,0.7276817560195923,-0.08107128739356995,0.5333261489868164,0.6813056468963623,-0.09683825820684433,0.33823472261428833,0.5916932225227356,-0.028832068666815758,0.3930307924747467,0.4672608971595764,-0.05440459027886391,0.42105165123939514,0.3861508369445801,-0.07834315299987793,0.44069206714630127,0.31354984641075134,-0.09681782126426697,0.27131256461143494,0.5586889982223511,-0.030421258881688118,0.3043971359729767,0.4068969488143921,-0.05163232609629631,0.32171154022216797,0.31083470582962036,-0.07394292205572128,0.3334488868713379,0.22789597511291504,-0.09112688899040222,0.2029893398284912,0.560858428478241,-0.038544729351997375,0.21739202737808228,0.41658276319503784,-0.06372000277042389,0.2298901081085205,0.3242782652378082,-0.08716223388910294,0.24136996269226074,0.2408454418182373,-0.10375432670116425,0.13265983760356903,0.5925451517105103,-0.05117062106728554,0.11154192686080933,0.4860195517539978,-0.07827755808830261,0.09685958921909332,0.41351935267448425,-0.09271876513957977,0.08631613850593567,0.34099680185317993,-0.10159143805503845
ESPACO,0.20344337821006775,0.9220765233039856,8.688392654221389e-07,0.31229251623153687,0.8859021663665771,-0.044913485646247864,0.4088677167892456,0.8020620346069336,-0.0632072314620018,0.47914451360702515,0.730093240737915,-0.07889717072248459,0.5403372049331665,0.691725492477417,-0.0936206504702568,0.3436512053012848,0.5885103940963745,-0.02823951095342636,0.3988385796546936,0.4653329849243164,-0.05231931433081627,0.4263244867324829,0.38398662209510803,-0.07492280006408691,0.4450364112854004,0.31154865026474,-0.09277110546827316,0.27606719732284546,0.5550768971443176,-0.02953341417014599,0.30836981534957886,0.40511396527290344,-0.05011407658457756,0.3253914415836334,0.3099818229675293,-0.07190466672182083,0.3369683623313904,0.22712132334709167,-0.0887041762471199,0.20806646347045898,0.5566589832305908,-0.03723708167672157,0.21965175867080688,0.4152555465698242,-0.06196099892258644,0.2310667335987091,0.3240704834461212,-0.08592953532934189,0.24233390390872955,0.24120444059371948,-0.10292244702577591,0.1380695253610611,0.5886543989181519,-0.049463629722595215,0.11378930509090424,0.48499733209609985,-0.07607819885015488,0.09688548743724823,0.414706826210022,-0.09099558740854263,0.085542693734169,0.3439163565635681,-0.10038316249847412
ESPACO,0.20979568362236023,0.9165419936180115,8.68464724135265e-07,0.3221895098686218,0.8820563554763794,-0.04078550636768341,0.41936278343200684,0.7999966144561768,-0.05503411963582039,0.49215686321258545,0.7292513251304626,-0.06744307279586792,0.5533014535903931,0.6951656341552734,-0.0790073350071907,0.35063138604164124,0.585450291633606,-0.0158519484102726,0.4048183858394623,0.46520596742630005,-0.035236138850450516,0.43322718143463135,0.38474732637405396,-0.055906277149915695,0.4538458585739136,0.3140103220939636,-0.07264360040426254,0.28283631801605225,0.5522441864013672,-0.017189497128129005,0.3132811188697815,0.40244418382644653,-0.0327635295689106,0.3306250274181366,0.30878716707229614,-0.052417997270822525,0.3439900875091553,0.22765034437179565,-0.06794161349534988,0.2152097225189209,0.5527378916740417,-0.025146767497062683,0.22699475288391113,0.41089457273483276,-0.04631161317229271,0.23831142485141754,0.3205219805240631,-0.06931988894939423,0.250173419713974,0.23869365453720093,-0.08572526276111603,0.14554119110107422,0.5819317698478699,-0.037480104714632034,0.11980484426021576,0.4774892330169678,-0.06169562041759491,0.10322259366512299,0.40691423416137695,-0.07591898739337921,0.09307725727558136,0.33616405725479126,-0.08490892499685287
ESPACO,0.21024665236473083,0.9157365560531616,8.410015084336919e-07,0.321176677942276,0.8786313533782959,-0.04112786054611206,0.4176921844482422,0.7994674444198608,-0.057471003383398056,0.4893823266029358,0.7285000085830688,-0.07217768579721451,0.5525293946266174,0.6932477951049805,-0.08627387136220932,0.352458655834198,0.5863506197929382,-0.01909303478896618,0.406901478767395,0.4647078514099121,-0.04062334820628166,0.434926837682724,0.38551345467567444,-0.06262733787298203,0.4548390805721283,0.3160499632358551,-0.08004926145076752,0.284567654132843,0.5528554916381836,-0.021192332729697227,0.31666067242622375,0.4023389220237732,-0.03854904696345329,0.3329984247684479,0.3091895878314972,-0.0597665049135685,0.34449484944343567,0.22877907752990723,-0.07642940431833267,0.2157662808895111,0.5540205240249634,-0.029691344127058983,0.22937041521072388,0.4105434715747833,-0.05175146460533142,0.24042662978172302,0.3190361559391022,-0.07502282410860062,0.2516704499721527,0.23640316724777222,-0.09184692054986954,0.14476321637630463,0.5849892497062683,-0.04246126487851143,0.11813987791538239,0.4810962975025177,-0.06706114113330841,0.10153447091579437,0.4102057218551636,-0.08082393556833267,0.09092636406421661,0.3393334150314331,-0.0894688069820404
ESPACO,0.21203187108039856,0.9140235185623169,9.044434818861191e-07,0.32462936639785767,0.8793203830718994,-0.04563276469707489,0.4257218837738037,0.7980195879936218,-0.06497745960950851,0.5028297901153564,0.7286953926086426,-0.08206978440284729,0.5723752379417419,0.6969963312149048,-0.09832343459129333,0.35713502764701843,0.5811856985092163,-0.02498982846736908,0.4135776162147522,0.4610234200954437,-0.04851507022976875,0.44309914112091064,0.38040003180503845,-0.0713731050491333,0.4647255539894104,0.3093768358230591,-0.08959945291280746,0.28889986872673035,0.5454070568084717,-0.026350032538175583,0.32235294580459595,0.39560964703559875,-0.04607023298740387,0.3409116566181183,0.3000505268573761,-0.06728649884462357,0.35492244362831116,0.21663719415664673,-0.08369482308626175,0.2198731005191803,0.5453076958656311,-0.034610964357852936,0.23454689979553223,0.40020644664764404,-0.05943315848708153,0.24659261107444763,0.30836033821105957,-0.08344528824090958,0.25932300090789795,0.2247108519077301,-0.10030063986778259,0.14913524687290192,0.5765825510025024,-0.04755808785557747,0.12328782677650452,0.47150367498397827,-0.07512136548757553,0.10593262314796448,0.39986759424209595,-0.09085322916507721,0.0944770872592926,0.32687681913375854,-0.10063584893941879
ESPACO,0.21328021585941315,0.9148517847061157,8.651836651552003e-07,0.32488760352134705,0.8771032691001892,-0.04496549442410469,0.4269351661205292,0.7981383204460144,-0.06511949747800827,0.5048755407333374,0.7305190563201904,-0.08342348784208298,0.5750494003295898,0.6984342336654663,-0.10130428522825241,0.36012837290763855,0.5807377696037292,-0.02664186991751194,0.4157666265964508,0.4575394093990326,-0.051551803946495056,0.4444340169429779,0.37747251987457275,-0.0752846747636795,0.46522581577301025,0.3073171377182007,-0.09375042468309402,0.2906850576400757,0.5457950234413147,-0.028751548379659653,0.32423293590545654,0.3941105604171753,-0.049017030745744705,0.3416990637779236,0.30055999755859375,-0.07085557281970978,0.35404127836227417,0.2209467887878418,-0.08787207305431366,0.2202875316143036,0.547321617603302,-0.037567876279354095,0.23590439558029175,0.40055859088897705,-0.062323641031980515,0.247059166431427,0.3090048134326935,-0.08610028773546219,0.2582884132862091,0.22664356231689453,-0.1031171977519989,0.14874650537967682,0.580947756767273,-0.05097002908587456,0.12305359542369843,0.47466742992401123,-0.07809968292713165,0.105406254529953,0.4026887118816376,-0.09280259162187576,0.09305298328399658,0.3309142589569092,-0.10193419456481934
ESPACO,0.21026507019996643,0.9143772125244141,9.82829078566283e-07,0.32657167315483093,0.880927562713623,-0.04961615428328514,0.43240246176719666,0.8013078570365906,-0.07214373350143433,0.5124005079269409,0.7315624356269836,-0.0916110947728157,0.5877326130867004,0.6974941492080688,-0.11037412285804749,0.3642018139362335,0.5738809108734131,-0.03381188586354256,0.4247368276119232,0.44533148407936096,-0.060321588069200516,0.45577263832092285,0.36163973808288574,-0.08414426445960999,0.47781074047088623,0.2884123623371124,-0.10263165831565857,0.29275861382484436,0.5370262861251831,-0.034800875931978226,0.3301369249820709,0.379607617855072,-0.05689644813537598,0.3497867286205292,0.2810108959674835,-0.07931095361709595,0.3629553020000458,0.19596421718597412,-0.09624506533145905,0.22006654739379883,0.5374273061752319,-0.04264078661799431,0.23575717210769653,0.3858708441257477,-0.06942489743232727,0.24841558933258057,0.29033276438713074,-0.09404487907886505,0.26215216517448425,0.20321837067604065,-0.11113209277391434,0.1455528736114502,0.5705501437187195,-0.05529458448290825,0.11640256643295288,0.46129536628723145,-0.08462213724851608,0.09871198236942291,0.3885635733604431,-0.10039951652288437,0.08840577304363251,0.31401604413986206,-0.10979004204273224
ESPACO,0.20995870232582092,0.9146803617477417,8.970745284386794e-07,0.32542118430137634,0.8773349523544312,-0.04700394347310066,0.4315969944000244,0.8017690181732178,-0.06916533410549164,0.5096747279167175,0.7333140969276428,-0.0890946015715599,0.5805304050445557,0.696837842464447,-0.10853222757577896,0.3635881245136261,0.571729838848114,-0.0315948911011219,0.42372164130210876,0.44241833686828613,-0.05794281139969826,0.4540817141532898,0.36012446880340576,-0.08210515975952148,0.4759273827075958,0.2882590591907501,-0.10053715854883194,0.2922585904598236,0.5348015427589417,-0.0337071530520916,0.32958146929740906,0.37557223439216614,-0.05476672202348709,0.34887343645095825,0.27932509779930115,-0.07717513293027878,0.3625190258026123,0.19746866822242737,-0.0947127714753151,0.21942473948001862,0.5352360606193542,-0.0424053780734539,0.2370918095111847,0.3828822672367096,-0.06771907210350037,0.2500266432762146,0.28977447748184204,-0.09182075411081314,0.2635098099708557,0.20612198114395142,-0.10931386798620224,0.14467468857765198,0.5684995651245117,-0.0557168573141098,0.11780992150306702,0.45802217721939087,-0.0830344408750534,0.10043346881866455,0.38484427332878113,-0.09728600829839706,0.08911740779876709,0.31219929456710815,-0.10615517199039459
ESPACO,0.21285602450370789,0.9100571870803833,9.936720744008198e-07,0.32933202385902405,0.8692774772644043,-0.050119999796152115,0.4381190538406372,0.7901239395141602,-0.07452663779258728,0.5177315473556519,0.7223184704780579,-0.09610356390476227,0.5912692546844482,0.686687707901001,-0.11706013232469559,0.36962947249412537,0.5576565265655518,-0.03776370361447334,0.43168333172798157,0.4269134998321533,-0.0674937441945076,0.4635360836982727,0.3415190577507019,-0.09376368671655655,0.4866779148578644,0.2664320170879364,-0.11382847279310226,0.29622316360473633,0.5199527740478516,-0.04030740633606911,0.3340117931365967,0.3584672510623932,-0.06547435373067856,0.3539806604385376,0.2565058767795563,-0.08971648663282394,0.3678206503391266,0.16897088289260864,-0.10781693458557129,0.22165445983409882,0.5217531323432922,-0.049659185111522675,0.23701828718185425,0.3640754520893097,-0.07868876308202744,0.24826139211654663,0.26323673129081726,-0.10466132313013077,0.26149994134902954,0.17185810208320618,-0.12279633432626724,0.1456509530544281,0.5581716299057007,-0.06383708119392395,0.114874467253685,0.445930540561676,-0.09502716362476349,0.09544496238231659,0.37100982666015625,-0.1115160882472992,0.08382748067378998,0.294687420129776,-0.12128531187772751
ESPACO,0.21143192052841187,0.9100028276443481,9.469215456192615e-07,0.3283531069755554,0.8674046993255615,-0.048212725669145584,0.43725892901420593,0.7896366715431213,-0.07209281623363495,0.5180032253265381,0.7213966846466064,-0.09394719451665878,0.590736985206604,0.6874843835830688,-0.11523599177598953,0.3691498339176178,0.556936502456665,-0.03367479145526886,0.4310957193374634,0.424868643283844,-0.06295088678598404,0.46287810802459717,0.33956214785575867,-0.0892275795340538,0.4859919846057892,0.26506131887435913,-0.10914450138807297,0.2959443926811218,0.518956184387207,-0.037039123475551605,0.33350419998168945,0.3556414246559143,-0.06112126260995865,0.353694349527359,0.25480136275291443,-0.08525719493627548,0.3686904311180115,0.16783151030540466,-0.10364115238189697,0.2213934361934662,0.5204126238822937,-0.04726730287075043,0.2379397451877594,0.36296167969703674,-0.0753081813454628,0.25081750750541687,0.26348742842674255,-0.10101723670959473,0.2649589478969574,0.17429178953170776,-0.11924920976161957,0.145357146859169,0.5565919876098633,-0.06220405921339989,0.11408056318759918,0.4443050026893616,-0.09198470413684845,0.09410072863101959,0.3684403896331787,-0.10747621208429337,0.08104421198368073,0.29277244210243225,-0.11685565114021301
ESPACO,0.21384689211845398,0.8886981010437012,9.604261776985368e-07,0.32977375388145447,0.8451173305511475,-0.0461190901696682,0.4382040798664093,0.7636231780052185,-0.06825124472379684,0.5155485272407532,0.6945356726646423,-0.08821406960487366,0.5817652940750122,0.6589268445968628,-0.10766357183456421,0.3694707155227661,0.5383700132369995,-0.03404718637466431,0.43055856227874756,0.4065258502960205,-0.06176476553082466,0.4612383246421814,0.3206188678741455,-0.08627378940582275,0.4835803508758545,0.2463453710079193,-0.10514221340417862,0.2958834171295166,0.5008212327957153,-0.037616897374391556,0.33339396119117737,0.3351571261882782,-0.06059099733829498,0.3534890115261078,0.23408594727516174,-0.08342467993497849,0.3682309091091156,0.1484857201576233,-0.10084743797779083,0.22160756587982178,0.5021209716796875,-0.04758647084236145,0.23600269854068756,0.34325486421585083,-0.0745999738574028,0.24738053977489471,0.24318468570709229,-0.09965863823890686,0.26105618476867676,0.15336072444915771,-0.11767487972974777,0.14548085629940033,0.5371205806732178,-0.06207169219851494,0.11149539053440094,0.42656272649765015,-0.09180449694395065,0.09001670777797699,0.35187745094299316,-0.10771464556455612,0.07636310160160065,0.27609145641326904,-0.11747094243764877
ESPACO,0.21256132423877716,0.8875297904014587,9.404353704667301e-07,0.32955998182296753,0.846141517162323,-0.045920222997665405,0.4367627203464508,0.7620781660079956,-0.06649734079837799,0.5154641270637512,0.6915940046310425,-0.08501051366329193,0.583636462688446,0.6626193523406982,-0.10293111205101013,0.3688282072544098,0.5362434983253479,-0.0300825834274292,0.4309885501861572,0.4049908518791199,-0.05656156688928604,0.463195264339447,0.3180229365825653,-0.08101896941661835,0.48575514554977417,0.24357014894485474,-0.09976911544799805,0.29477033019065857,0.4976198375225067,-0.033328574150800705,0.3322701156139374,0.33221960067749023,-0.05445438250899315,0.35171422362327576,0.23115274310112,-0.07688574492931366,0.3654010593891144,0.14577805995941162,-0.09411083906888962,0.2198101431131363,0.49740922451019287,-0.043155327439308167,0.23586001992225647,0.34049272537231445,-0.06865397840738297,0.24865306913852692,0.24133461713790894,-0.09371767938137054,0.262433797121048,0.15408220887184143,-0.11167090386152267,0.14274117350578308,0.5315300226211548,-0.05758090689778328,0.1095496416091919,0.419821172952652,-0.08536815643310547,0.08831228315830231,0.3445540964603424,-0.10021764039993286,0.07451018691062927,0.2699539363384247,-0.10933171957731247
ESPACO,0.21656043827533722,0.866155743598938,9.37020502078667e-07,0.3319821059703827,0.8214048147201538,-0.04472948610782623,0.4375642240047455,0.7418018579483032,-0.06478409469127655,0.5127002596855164,0.6700776815414429,-0.08286618441343307,0.5771717429161072,0.6293746829032898,-0.10042182356119156,0.3640185594558716,0.5171869397163391,-0.027219079434871674,0.42109957337379456,0.38717371225357056,-0.052163686603307724,0.4503655433654785,0.3025398254394531,-0.07531989365816116,0.47090989351272583,0.22967618703842163,-0.09304589778184891,0.29021376371383667,0.48189541697502136,-0.029861262068152428,0.3249560594558716,0.3175782263278961,-0.05019553378224373,0.3430679440498352,0.21760293841362,-0.07168979942798615,0.3555293381214142,0.13431823253631592,-0.08819426596164703,0.21638184785842896,0.48428601026535034,-0.03920402750372887,0.22709432244300842,0.3288169503211975,-0.06462933868169785,0.23743730783462524,0.22990670800209045,-0.08882096409797668,0.24988308548927307,0.14251500368118286,-0.10620880872011185,0.1405528038740158,0.5184616446495056,-0.05298444256186485,0.10606016218662262,0.40943723917007446,-0.08089597523212433,0.08445523679256439,0.3360483646392822,-0.09542683511972427,0.07078136503696442,0.2629246115684509,-0.10436995327472687
ESPACO,0.21077774465084076,0.8641326427459717,9.368786777486093e-07,0.3279172480106354,0.8199422359466553,-0.04550229758024216,0.4327016770839691,0.7349340915679932,-0.06426124274730682,0.5100913047790527,0.6620222330093384,-0.08102669566869736,0.5781005024909973,0.6208332180976868,-0.09715089946985245,0.3595539331436157,0.5071824193000793,-0.024729998782277107,0.41666385531425476,0.37506309151649475,-0.04856828600168228,0.44613444805145264,0.2904380261898041,-0.071724072098732,0.4661797881126404,0.21734672784805298,-0.08968452364206314,0.28476762771606445,0.47189196944236755,-0.026967981830239296,0.3167923092842102,0.3064459264278412,-0.04582718387246132,0.3342439830303192,0.20578742027282715,-0.06787478178739548,0.3454681634902954,0.12149915099143982,-0.08493255078792572,0.21011725068092346,0.4757954180240631,-0.03612664341926575,0.21893256902694702,0.32030779123306274,-0.06060025095939636,0.2273300141096115,0.22183558344841003,-0.086051344871521,0.2371663749217987,0.1331232488155365,-0.10431095212697983,0.13391953706741333,0.5131806135177612,-0.04980795830488205,0.09780259430408478,0.4057798683643341,-0.07775998115539551,0.07513353228569031,0.3339812755584717,-0.09311868995428085,0.05989193916320801,0.26130470633506775,-0.10245916992425919
ESPACO,0.20862089097499847,0.861433744430542,9.171063766189036e-07,0.3282185196876526,0.8173543214797974,-0.04652324318885803,0.4335917830467224,0.7336532473564148,-0.06600245833396912,0.509330153465271,0.6607843637466431,-0.08329255878925323,0.5752769708633423,0.6210235953330994,-0.09999939799308777,0.3585774600505829,0.507048487663269,-0.02703234925866127,0.41692325472831726,0.3763362169265747,-0.05206683650612831,0.4476058781147003,0.29085278511047363,-0.07615339756011963,0.4691961109638214,0.21602961421012878,-0.09481049329042435,0.2842460870742798,0.469794899225235,-0.02901264652609825,0.3161197006702423,0.30433255434036255,-0.04873623326420784,0.3312762379646301,0.20356085896492004,-0.07129774987697601,0.3414991796016693,0.11808857321739197,-0.08901099115610123,0.2095562219619751,0.4716731309890747,-0.03787580132484436,0.22010459005832672,0.3168905973434448,-0.06290119886398315,0.22948166728019714,0.21935081481933594,-0.08859161287546158,0.24028462171554565,0.1320553421974182,-0.10721567273139954,0.1329764872789383,0.5074369311332703,-0.05139167234301567,0.09712009131908417,0.39847081899642944,-0.07906431704759598,0.0740174800157547,0.3251928687095642,-0.09431824833154678,0.05855394899845123,0.25224950909614563,-0.1039329469203949
ESPACO,0.20590873062610626,0.8693392276763916,9.139554890680301e-07,0.3262215256690979,0.8252322673797607,-0.04500511661171913,0.43189504742622375,0.7399494647979736,-0.063679039478302,0.5091642737388611,0.6647188663482666,-0.08055054396390915,0.575180172920227,0.6237707138061523,-0.09710671007633209,0.35715773701667786,0.5077272653579712,-0.02546503208577633,0.41500231623649597,0.3746398091316223,-0.05042930692434311,0.44536805152893066,0.28936031460762024,-0.07466699182987213,0.4667978286743164,0.2145678699016571,-0.0935954600572586,0.2811844050884247,0.4720577597618103,-0.028753383085131645,0.3126702606678009,0.3036435842514038,-0.04947000369429588,0.32860487699508667,0.2007664144039154,-0.07333217561244965,0.339180588722229,0.11355283856391907,-0.09179654717445374,0.20504654943943024,0.4765695333480835,-0.03883093222975731,0.21555224061012268,0.31699562072753906,-0.06579370051622391,0.22529426217079163,0.21715059876441956,-0.09329698234796524,0.23552733659744263,0.12816989421844482,-0.112748883664608,0.12798699736595154,0.5149489641189575,-0.05314647778868675,0.09207457304000854,0.4021742343902588,-0.08319078385829926,0.06828975677490234,0.3279637396335602,-0.09975778311491013,0.05174379050731659,0.25452712178230286,-0.1098906546831131
ESPACO,0.20352068543434143,0.869532585144043,9.252397035197646e-07,0.3233833909034729,0.8248142004013062,-0.04569123312830925,0.4302710294723511,0.7390354871749878,-0.06490441411733627,0.5086582899093628,0.6646071076393127,-0.08232178539037704,0.5754640102386475,0.6250800490379333,-0.09923632442951202,0.35583046078681946,0.5075708627700806,-0.025122379884123802,0.4145145118236542,0.3747514486312866,-0.0499282032251358,0.4452405571937561,0.28896382451057434,-0.07415636628866196,0.4666879177093506,0.2141897976398468,-0.09299422800540924,0.2805483341217041,0.47118276357650757,-0.02798447385430336,0.3129396140575409,0.3021504878997803,-0.04770616441965103,0.3288533687591553,0.19967642426490784,-0.07072380185127258,0.3391248881816864,0.1130419373512268,-0.08874835073947906,0.20471586287021637,0.47442716360092163,-0.03778988867998123,0.2152632176876068,0.3149072527885437,-0.06296885758638382,0.22459417581558228,0.21501806378364563,-0.08946767449378967,0.2349516600370407,0.1258159577846527,-0.1086365357041359,0.12729492783546448,0.5116943717002869,-0.05214293301105499,0.09113042056560516,0.39983174204826355,-0.0801837146282196,0.06737250089645386,0.3257841467857361,-0.09585113823413849,0.05112046003341675,0.2525165379047394,-0.10570274293422699
ESPACO,0.20282921195030212,0.8805065751075745,9.010203143589024e-07,0.32528939843177795,0.8383264541625977,-0.045898474752902985,0.43218210339546204,0.7511647343635559,-0.06518718600273132,0.5108602046966553,0.6741548776626587,-0.08243387937545776,0.5778151750564575,0.6337991952896118,-0.09935585409402847,0.35598769783973694,0.5135718584060669,-0.028766732662916183,0.41512492299079895,0.37996339797973633,-0.054941676557064056,0.44580620527267456,0.29312893748283386,-0.07965342700481415,0.46710413694381714,0.21747145056724548,-0.09896983951330185,0.2790253758430481,0.4766085743904114,-0.032079607248306274,0.3121364712715149,0.3058856725692749,-0.05385774001479149,0.32802072167396545,0.20228809118270874,-0.07731714099645615,0.3381759524345398,0.11504143476486206,-0.09543082118034363,0.20204408466815948,0.4809698462486267,-0.04212696850299835,0.21219101548194885,0.3188691735267639,-0.06964636594057083,0.22144944965839386,0.2181318700313568,-0.09653288125991821,0.23152810335159302,0.12886017560958862,-0.11565347015857697,0.12448957562446594,0.5211408138275146,-0.056529540568590164,0.08661136031150818,0.40652284026145935,-0.08688170462846756,0.0625876784324646,0.3312360346317291,-0.10340188443660736,0.04655793309211731,0.25691699981689453,-0.11355620622634888
ESPACO,0.20079569518566132,0.8830091953277588,9.28916620068776e-07,0.3220503032207489,0.8383681774139404,-0.04714774712920189,0.43146443367004395,0.7502580881118774,-0.06696578115224838,0.5113708972930908,0.673624575138092,-0.08469893783330917,0.5790469646453857,0.6335892677307129,-0.10198450833559036,0.3553091585636139,0.5147536993026733,-0.028517821803689003,0.4145362079143524,0.3798370361328125,-0.05464218184351921,0.44567036628723145,0.2924574911594391,-0.07934410870075226,0.467737078666687,0.21693944931030273,-0.09852579981088638,0.27837011218070984,0.47776395082473755,-0.03126140683889389,0.31145089864730835,0.3056544065475464,-0.05258505418896675,0.32799258828163147,0.20168763399124146,-0.07597056031227112,0.3389755189418793,0.11437836289405823,-0.0940726026892662,0.20146384835243225,0.4815780520439148,-0.04100530967116356,0.21162337064743042,0.3190334737300873,-0.06805744022130966,0.22080886363983154,0.21709561347961426,-0.09536682814359665,0.23099666833877563,0.12652382254600525,-0.11485850811004639,0.12380002439022064,0.520761251449585,-0.05533463507890701,0.08644035458564758,0.40674012899398804,-0.08533604443073273,0.06130710244178772,0.3314979672431946,-0.10203249007463455,0.04351717233657837,0.25695645809173584,-0.11237038671970367
ESPACO,0.20709288120269775,0.8959910869598389,9.051718166119826e-07,0.32723426818847656,0.8512066006660461,-0.0462786927819252,0.43417564034461975,0.7601648569107056,-0.06594280153512955,0.51309734582901,0.6820076704025269,-0.08364243060350418,0.5811452269554138,0.6425275802612305,-0.1010446548461914,0.356270432472229,0.5233139991760254,-0.03002292290329933,0.4164808988571167,0.386383593082428,-0.05668662488460541,0.44754689931869507,0.2981528639793396,-0.08181258291006088,0.4688628017902374,0.2207466959953308,-0.10156509280204773,0.27850648760795593,0.48648005723953247,-0.0337630994617939,0.3113786280155182,0.31249526143074036,-0.0558541864156723,0.3275497555732727,0.2077268660068512,-0.0799902006983757,0.3374939262866974,0.11909255385398865,-0.0989149957895279,0.20075008273124695,0.4902217984199524,-0.04422337934374809,0.21099911630153656,0.32586371898651123,-0.0716538280248642,0.22000464797019958,0.22377163171768188,-0.09925640374422073,0.22961902618408203,0.1329621970653534,-0.11931147426366806,0.12276656925678253,0.5296242833137512,-0.05910787358880043,0.08456866443157196,0.41381317377090454,-0.08950192481279373,0.05931238830089569,0.3384198546409607,-0.10632093250751495,0.041844576597213745,0.26357176899909973,-0.11696921288967133
ESPACO,0.20579582452774048,0.895760715007782,9.374261367156578e-07,0.3238180875778198,0.8503167629241943,-0.04764648526906967,0.4313068985939026,0.7599513530731201,-0.06812343746423721,0.5116606950759888,0.6827234029769897,-0.0863439291715622,0.5807623863220215,0.6437804698944092,-0.1040729358792305,0.3558768332004547,0.5259954333305359,-0.03008505329489708,0.4162636995315552,0.38825723528862,-0.05673331022262573,0.447250634431839,0.29863759875297546,-0.08172377943992615,0.46819424629211426,0.22095507383346558,-0.10105101019144058,0.27831217646598816,0.4894840717315674,-0.03260432928800583,0.3106890022754669,0.3153098523616791,-0.05419480428099632,0.3264390826225281,0.21015575528144836,-0.077643483877182,0.336114764213562,0.12102556228637695,-0.09599532186985016,0.20100730657577515,0.49293458461761475,-0.04203285276889801,0.2105419635772705,0.3306357264518738,-0.0681547150015831,0.2191525399684906,0.226849764585495,-0.09466791898012161,0.22847595810890198,0.13376078009605408,-0.1139683946967125,0.12239690124988556,0.5313249230384827,-0.05618700012564659,0.08522839844226837,0.4166322350502014,-0.08456437289714813,0.061231598258018494,0.33942553400993347,-0.10015416145324707,0.04486766457557678,0.2617933452129364,-0.11010550707578659
ESPACO,0.20633342862129211,0.900032639503479,9.185945941680984e-07,0.3274177312850952,0.8557256460189819,-0.04624480754137039,0.4347226619720459,0.7653589844703674,-0.06488712877035141,0.5148521661758423,0.6867617964744568,-0.08179902285337448,0.582368016242981,0.647420346736908,-0.09826672822237015,0.35925957560539246,0.5285963416099548,-0.024461612105369568,0.41896873712539673,0.392225444316864,-0.04898630082607269,0.44878172874450684,0.3023211658000946,-0.07287337630987167,0.469111829996109,0.22478607296943665,-0.09180134534835815,0.2813274562358856,0.4920792579650879,-0.027119314298033714,0.3119581937789917,0.32002022862434387,-0.04701855033636093,0.32754701375961304,0.2161245048046112,-0.06960182636976242,0.33817335963249207,0.1279033124446869,-0.08738411962985992,0.20397526025772095,0.49611419439315796,-0.03695959970355034,0.21264433860778809,0.33467429876327515,-0.06250689923763275,0.22164329886436462,0.23179376125335693,-0.08918623626232147,0.23158861696720123,0.14007127285003662,-0.10860979557037354,0.12579742074012756,0.5355561971664429,-0.051521118730306625,0.08714324235916138,0.42238444089889526,-0.08046797662973404,0.06216534972190857,0.3445649743080139,-0.0971687063574791,0.045247554779052734,0.26648402214050293,-0.10783553868532181
ESPACO,0.20612090826034546,0.9012303352355957,9.417346973350504e-07,0.3274070620536804,0.8544950485229492,-0.047533344477415085,0.43557578325271606,0.763624370098114,-0.06712047755718231,0.5149732232093811,0.6861933469772339,-0.08472094684839249,0.5820393562316895,0.6465136408805847,-0.10184433311223984,0.35795363783836365,0.528736412525177,-0.02678419090807438,0.4161604046821594,0.3916330337524414,-0.05261470004916191,0.4463534653186798,0.30298539996147156,-0.07738162577152252,0.4678555428981781,0.22595340013504028,-0.09680605679750443,0.28026139736175537,0.49288511276245117,-0.029550816863775253,0.3117534816265106,0.3204749822616577,-0.050765082240104675,0.32756394147872925,0.21522930264472961,-0.07475947588682175,0.3383605182170868,0.1257818639278412,-0.09349235147237778,0.20313432812690735,0.49793991446495056,-0.039536651223897934,0.21217972040176392,0.3359215259552002,-0.06632284075021744,0.22152796387672424,0.23244181275367737,-0.09420359879732132,0.2323208898305893,0.13950005173683167,-0.11431585252285004,0.12517321109771729,0.5379956364631653,-0.05424051731824875,0.08722411096096039,0.42456886172294617,-0.08406616747379303,0.06304541230201721,0.34742993116378784,-0.1012989804148674,0.04709559679031372,0.269967645406723,-0.11231593042612076
ESPACO,0.2110080122947693,0.9053550958633423,9.368180826641037e-07,0.32908329367637634,0.8583995699882507,-0.04747956618666649,0.4364611804485321,0.7665735483169556,-0.06767086684703827,0.5180929899215698,0.6904937624931335,-0.08600224554538727,0.5890417695045471,0.6524007320404053,-0.10389310866594315,0.3610432744026184,0.53240966796875,-0.027871867641806602,0.4203767478466034,0.3946390151977539,-0.05413452535867691,0.4505785405635834,0.30492255091667175,-0.07899708300828934,0.4712505340576172,0.2267429232597351,-0.09848939627408981,0.2834765315055847,0.49693214893341064,-0.030993638560175896,0.3139250576496124,0.32393819093704224,-0.05326392874121666,0.3296574354171753,0.21828225255012512,-0.07733096927404404,0.33998236060142517,0.12851566076278687,-0.09588324278593063,0.20631130039691925,0.5020993947982788,-0.04128513112664223,0.21454758942127228,0.3398551642894745,-0.06908318400382996,0.22355608642101288,0.23585009574890137,-0.09714947640895844,0.23376500606536865,0.14267325401306152,-0.1170753464102745,0.12860259413719177,0.5419653058052063,-0.056224845349788666,0.0900125652551651,0.4273739457130432,-0.08672419935464859,0.06441895663738251,0.3501009941101074,-0.10407968610525131,0.04683724045753479,0.27301621437072754,-0.11497031152248383
ESPACO,0.21000176668167114,0.9052492380142212,9.447256275052496e-07,0.32950258255004883,0.8575513362884521,-0.04654098302125931,0.43644970655441284,0.7649784088134766,-0.06583990156650543,0.5174944400787354,0.689456045627594,-0.08341764658689499,0.5870513916015625,0.6506413817405701,-0.10072009265422821,0.35958611965179443,0.5324382185935974,-0.027257012203335762,0.41882604360580444,0.39385220408439636,-0.053137049078941345,0.44947218894958496,0.30505067110061646,-0.07759791612625122,0.4706553816795349,0.22781872749328613,-0.09663062542676926,0.2825319170951843,0.4977860450744629,-0.03049067221581936,0.3139326572418213,0.3248692452907562,-0.052124351263046265,0.3300454914569855,0.21884095668792725,-0.07614895701408386,0.3403487503528595,0.12877607345581055,-0.09467096626758575,0.20571227371692657,0.5033087730407715,-0.04073835164308548,0.21490904688835144,0.34092095494270325,-0.06766463816165924,0.22418050467967987,0.23613247275352478,-0.09556946158409119,0.23440000414848328,0.1417160928249359,-0.11548182368278503,0.12801821529865265,0.5431739091873169,-0.05555252358317375,0.0899190753698349,0.4291961193084717,-0.08531154692173004,0.06523904204368591,0.3516255021095276,-0.10222214460372925,0.0483880341053009,0.27399906516075134,-0.11283433437347412
ESPACO,0.21211662888526917,0.9092085957527161,9.669411156210117e-07,0.3303934335708618,0.864190936088562,-0.05009659752249718,0.4386148452758789,0.7740404605865479,-0.07233276218175888,0.5203534364700317,0.6960838437080383,-0.09219959378242493,0.5924572348594666,0.6552425622940063,-0.11117788404226303,0.363582044839859,0.5340713262557983,-0.030566634610295296,0.4228387773036957,0.39751261472702026,-0.058011818677186966,0.4532473087310791,0.3077274262905121,-0.08373244851827621,0.47405534982681274,0.22954699397087097,-0.10376347601413727,0.2858572006225586,0.49684664607048035,-0.03305906429886818,0.3173161745071411,0.3251926302909851,-0.05597960576415062,0.3340877294540405,0.2206604778766632,-0.0797700360417366,0.34515678882598877,0.13041654229164124,-0.09799432754516602,0.20850464701652527,0.5015166401863098,-0.04295859485864639,0.21703383326530457,0.3409426808357239,-0.07107789069414139,0.22574231028556824,0.23727506399154663,-0.09819876402616501,0.23572924733161926,0.14338621497154236,-0.11740441620349884,0.12992385029792786,0.542694091796875,-0.0578351728618145,0.09154228866100311,0.43001776933670044,-0.08788200467824936,0.06652481853961945,0.35285669565200806,-0.10436276346445084,0.04932337999343872,0.2752763628959656,-0.11461174488067627
ESPACO,0.21540236473083496,0.9174661636352539,9.572759154252708e-07,0.3346148431301117,0.8732951879501343,-0.04825843498110771,0.4426632523536682,0.781343936920166,-0.06916704028844833,0.5259145498275757,0.7052507400512695,-0.0881134495139122,0.5972887277603149,0.6680915951728821,-0.10646890103816986,0.3687080442905426,0.5380942821502686,-0.02864791266620159,0.42821189761161804,0.399732768535614,-0.054549217224121094,0.459015429019928,0.30933958292007446,-0.07900726795196533,0.4803224802017212,0.2320832908153534,-0.09828375279903412,0.291012704372406,0.5017671585083008,-0.03149295225739479,0.3216759264469147,0.327694296836853,-0.0528339184820652,0.3390589654445648,0.222395122051239,-0.07572849094867706,0.3510625660419464,0.13256609439849854,-0.09360486268997192,0.213598370552063,0.5063841938972473,-0.04164418950676918,0.2222803235054016,0.34309327602386475,-0.0688871219754219,0.23139162361621857,0.23795905709266663,-0.09655369818210602,0.24110838770866394,0.14428040385246277,-0.11628788709640503,0.13476990163326263,0.5468930006027222,-0.05657145753502846,0.09624981880187988,0.4314391016960144,-0.08674366027116776,0.07046526670455933,0.3530653715133667,-0.10405289381742477,0.052001386880874634,0.2750507593154907,-0.11497561633586884
ESPACO,0.21390400826931,0.9185038805007935,9.67393475548306e-07,0.33442550897598267,0.8736286163330078,-0.049214914441108704,0.4442567825317383,0.7798585295677185,-0.07019750773906708,0.5280404686927795,0.7025009393692017,-0.08869654685258865,0.5981622338294983,0.6646803021430969,-0.10653887689113617,0.366705060005188,0.5397135019302368,-0.03071427345275879,0.42631399631500244,0.4001659154891968,-0.05710368975996971,0.4575771689414978,0.3106383681297302,-0.08207157999277115,0.4792296886444092,0.23323017358779907,-0.10149266570806503,0.289539098739624,0.5027775168418884,-0.03306472674012184,0.3226879835128784,0.32814815640449524,-0.05401452258229256,0.3395772874355316,0.22157490253448486,-0.07744060456752777,0.350208044052124,0.13138079643249512,-0.09576891362667084,0.2122146189212799,0.506652295589447,-0.04256530851125717,0.22234255075454712,0.34300392866134644,-0.0685085728764534,0.23185980319976807,0.23765814304351807,-0.095759317278862,0.24198207259178162,0.1434355080127716,-0.11548782885074615,0.13381247222423553,0.5463329553604126,-0.05695504695177078,0.09565305709838867,0.43098941445350647,-0.08538602292537689,0.07127848267555237,0.353097140789032,-0.10153007507324219,0.054730772972106934,0.27561336755752563,-0.11184609681367874
ESPACO,0.21561366319656372,0.9238940477371216,9.883318625725224e-07,0.3358740210533142,0.8782238960266113,-0.049750883132219315,0.4463978409767151,0.7845620512962341,-0.07126032561063766,0.5304611921310425,0.7077425718307495,-0.09066923707723618,0.6040551662445068,0.6753827929496765,-0.10931499302387238,0.3706146776676178,0.5410864353179932,-0.028185732662677765,0.43084412813186646,0.4017484784126282,-0.05382928252220154,0.4622209668159485,0.3116051256656647,-0.07832666486501694,0.4837084412574768,0.23418185114860535,-0.09762705117464066,0.2921747863292694,0.5048786401748657,-0.03078601323068142,0.32547372579574585,0.331652969121933,-0.05198124051094055,0.3425305187702179,0.22594013810157776,-0.07525727897882462,0.3537423610687256,0.13477221131324768,-0.09332411736249924,0.2141799032688141,0.5098062753677368,-0.04090707376599312,0.22490674257278442,0.346168577671051,-0.06789759546518326,0.23522859811782837,0.24132147431373596,-0.09564079344272614,0.24578025937080383,0.14771661162376404,-0.11546183377504349,0.1349053680896759,0.550732433795929,-0.05608396232128143,0.09813529253005981,0.4342916011810303,-0.08565082401037216,0.0729994922876358,0.3549884855747223,-0.10260513424873352,0.05520185828208923,0.2759506404399872,-0.11343436688184738
ESPACO,0.21512295305728912,0.9239791631698608,9.71200392996252e-07,0.3361648619174957,0.8791735172271729,-0.04886037856340408,0.44653740525245667,0.7858272194862366,-0.06902285665273666,0.5292295217514038,0.7081297039985657,-0.08680509030818939,0.5995837450027466,0.673959493637085,-0.1039007231593132,0.36844244599342346,0.5425285696983337,-0.02822333574295044,0.42890575528144836,0.4022896885871887,-0.053444474935531616,0.46005725860595703,0.3131980299949646,-0.07793407887220383,0.4814092516899109,0.23586350679397583,-0.09718626737594604,0.29080796241760254,0.5061836838722229,-0.030495528131723404,0.32494375109672546,0.3311799466609955,-0.05060684680938721,0.3421160876750946,0.22521159052848816,-0.07402664422988892,0.3531056344509125,0.1351952850818634,-0.09244585037231445,0.21380549669265747,0.5112085938453674,-0.03997426852583885,0.22488988935947418,0.34694501757621765,-0.06537468731403351,0.23513618111610413,0.24162140488624573,-0.09293611347675323,0.24571813642978668,0.14772194623947144,-0.11295973509550095,0.1357586532831192,0.5519524216651917,-0.05438520759344101,0.09856975078582764,0.43573522567749023,-0.08267790824174881,0.07466825842857361,0.35633349418640137,-0.09925264120101929,0.058596253395080566,0.276960551738739,-0.1099482998251915
ESPACO,0.2137581706047058,0.9279049634933472,9.703956038720207e-07,0.3353627026081085,0.883428692817688,-0.04859870299696922,0.4469061493873596,0.7881188988685608,-0.06869442015886307,0.5304282307624817,0.7099761962890625,-0.0866064801812172,0.6009511947631836,0.6753919124603271,-0.10381466150283813,0.3680606782436371,0.5436214208602905,-0.027930153533816338,0.42967113852500916,0.40400224924087524,-0.053655385971069336,0.4608507454395294,0.3145602345466614,-0.07844826579093933,0.4820968508720398,0.23771560192108154,-0.0977378636598587,0.29017174243927,0.5085018277168274,-0.03082430176436901,0.32483968138694763,0.33362212777137756,-0.051687005907297134,0.34239935874938965,0.22703686356544495,-0.0752791315317154,0.35355931520462036,0.13692668080329895,-0.09356395900249481,0.2128707468509674,0.5140212774276733,-0.04100356623530388,0.22510665655136108,0.3488968014717102,-0.06728342920541763,0.23592647910118103,0.24253720045089722,-0.09471969306468964,0.24658611416816711,0.14868855476379395,-0.1142854318022728,0.13440796732902527,0.5552642345428467,-0.056075673550367355,0.09775035083293915,0.43749701976776123,-0.08510325849056244,0.07437790930271149,0.35658594965934753,-0.10158807784318924,0.05862993001937866,0.27648305892944336,-0.11192996799945831
ESPACO,0.21456626057624817,0.9293138980865479,9.70357064034033e-07,0.3353048861026764,0.8838471174240112,-0.04958640784025192,0.44633299112319946,0.7888698577880859,-0.07035383582115173,0.5297015309333801,0.7110126614570618,-0.08879650384187698,0.6004343032836914,0.674320638179779,-0.10647513717412949,0.36924853920936584,0.5445426106452942,-0.029345080256462097,0.42985498905181885,0.40332943201065063,-0.055519863963127136,0.46078819036483765,0.31356993317604065,-0.08043105155229568,0.48201096057891846,0.23623508214950562,-0.09979330003261566,0.2914179861545563,0.5090320110321045,-0.03196481615304947,0.3254508972167969,0.33430397510528564,-0.05303945392370224,0.3425385355949402,0.2275068163871765,-0.07673516124486923,0.353511780500412,0.13738203048706055,-0.09517396986484528,0.2137967348098755,0.5146669149398804,-0.041980527341365814,0.2246459275484085,0.34989094734191895,-0.0683944970369339,0.2348441183567047,0.24345403909683228,-0.09606364369392395,0.24560534954071045,0.14903920888900757,-0.11592898517847061,0.13485842943191528,0.5561192631721497,-0.05699099227786064,0.09651903808116913,0.4391874670982361,-0.08643193542957306,0.07231168448925018,0.35863327980041504,-0.10342332720756531,0.05624768137931824,0.2784962058067322,-0.11416281759738922
ESPACO,0.21498629450798035,0.9314994812011719,9.579703146300744e-07,0.3352590799331665,0.8862982988357544,-0.04906419292092323,0.4466155171394348,0.7889596223831177,-0.06995251774787903,0.5307744741439819,0.7125979661941528,-0.08855807036161423,0.6020840406417847,0.6773827075958252,-0.1066894456744194,0.36962294578552246,0.5456963777542114,-0.032455649226903915,0.42932796478271484,0.40355777740478516,-0.059679388999938965,0.46009522676467896,0.3133373260498047,-0.08479197323322296,0.48117777705192566,0.2352364957332611,-0.10435079783201218,0.291457861661911,0.5103620290756226,-0.03585845232009888,0.3247506320476532,0.33541250228881836,-0.058376848697662354,0.3415380120277405,0.22780507802963257,-0.08250323683023453,0.35192739963531494,0.13694265484809875,-0.10122041404247284,0.21330127120018005,0.516666829586029,-0.046384893357753754,0.2234708070755005,0.3512764573097229,-0.07406685501337051,0.23321093618869781,0.2442825734615326,-0.10210302472114563,0.24344980716705322,0.1489332616329193,-0.122149258852005,0.1342668980360031,0.5593222379684448,-0.061752911657094955,0.09565453231334686,0.44126492738723755,-0.09215398132801056,0.07108733057975769,0.3604079782962799,-0.10947947204113007,0.05454987287521362,0.2796744704246521,-0.12047746032476425
ESPACO,0.21100282669067383,0.9363017082214355,9.707833896754892e-07,0.3337668478488922,0.8920004963874817,-0.04879256337881088,0.44627559185028076,0.7947055697441101,-0.06899527460336685,0.5306484699249268,0.717179000377655,-0.08710192143917084,0.6010397672653198,0.6803231835365295,-0.1046166718006134,0.37032100558280945,0.5499612092971802,-0.02930154837667942,0.4305134415626526,0.40758731961250305,-0.056029338389635086,0.46148228645324707,0.3170504868030548,-0.08134163171052933,0.4826982915401459,0.23870110511779785,-0.10109754651784897,0.29191854596138,0.513264536857605,-0.03273044899106026,0.3265926241874695,0.33716583251953125,-0.05478661507368088,0.34451383352279663,0.22920843958854675,-0.07944618165493011,0.35585838556289673,0.1377253532409668,-0.09851427376270294,0.2131555676460266,0.518203616142273,-0.043451543897390366,0.2241363823413849,0.3527432680130005,-0.07093456387519836,0.23372679948806763,0.2453906238079071,-0.09971967339515686,0.24356168508529663,0.14965882897377014,-0.12019462883472443,0.1335897594690323,0.5594261884689331,-0.05902468040585518,0.09659864008426666,0.44133374094963074,-0.08915382623672485,0.07163764536380768,0.3608282804489136,-0.10661765933036804,0.054393649101257324,0.2807343006134033,-0.11766448616981506
ESPACO,0.21154142916202545,0.9355617761611938,9.711850452731596e-07,0.33402737975120544,0.8883596658706665,-0.04835100844502449,0.4458352327346802,0.7941265106201172,-0.06899179518222809,0.5301076173782349,0.717968225479126,-0.08758139610290527,0.6022857427597046,0.678654670715332,-0.10557375103235245,0.3700017035007477,0.5501744747161865,-0.028708385303616524,0.4301629364490509,0.4075547754764557,-0.054543398320674896,0.46088337898254395,0.31748417019844055,-0.0789286196231842,0.4820965826511383,0.2399146556854248,-0.09807679057121277,0.29208341240882874,0.5138605833053589,-0.032186660915613174,0.3268432915210724,0.33852583169937134,-0.05340859293937683,0.344529926776886,0.2302282154560089,-0.07762651890516281,0.3557642102241516,0.13938355445861816,-0.0965772345662117,0.21348434686660767,0.5192784070968628,-0.042968690395355225,0.22420167922973633,0.35243332386016846,-0.07013952732086182,0.23413805663585663,0.2454547882080078,-0.09904637187719345,0.24491193890571594,0.15063408017158508,-0.1198132187128067,0.13409455120563507,0.5604414939880371,-0.05847439914941788,0.09559047222137451,0.44192734360694885,-0.08923082053661346,0.07085683941841125,0.36056703329086304,-0.10746249556541443,0.054711341857910156,0.27998343110084534,-0.11903630942106247
ESPACO,0.2126861810684204,0.9364148378372192,9.705468073661905e-07,0.33433398604393005,0.8914355635643005,-0.04934561997652054,0.4469248950481415,0.7959800362586975,-0.07036706060171127,0.5312169790267944,0.7194252610206604,-0.08893958479166031,0.6031954288482666,0.6817114353179932,-0.1068694069981575,0.37001097202301025,0.5498449802398682,-0.03174037113785744,0.43079715967178345,0.40768760442733765,-0.05833737924695015,0.4618793725967407,0.3175508975982666,-0.08330067992210388,0.48328477144241333,0.23930171132087708,-0.10270772874355316,0.291454941034317,0.5129736661911011,-0.034577902406454086,0.326524019241333,0.3375110924243927,-0.05582863464951515,0.3438968360424042,0.22992533445358276,-0.07963354885578156,0.35485219955444336,0.13914066553115845,-0.09829782694578171,0.21288402378559113,0.518336832523346,-0.044528476893901825,0.22434698045253754,0.3525207042694092,-0.07070928066968918,0.23459678888320923,0.24673542380332947,-0.09813603013753891,0.24571293592453003,0.15236881375312805,-0.11808158457279205,0.1335906684398651,0.5602965354919434,-0.05940857157111168,0.09612208604812622,0.4420415759086609,-0.08862606436014175,0.07232052087783813,0.3613017797470093,-0.10532429069280624,0.05706414580345154,0.2809276878833771,-0.11596064269542694
ESPACO,0.21341940760612488,0.9360363483428955,9.6827147899603e-07,0.33497723937034607,0.8907281160354614,-0.04880910366773605,0.44699859619140625,0.795203447341919,-0.06983032077550888,0.531393826007843,0.7192368507385254,-0.08855073899030685,0.6028645038604736,0.6806334257125854,-0.10675554722547531,0.36986061930656433,0.5498174428939819,-0.032193586230278015,0.4309855103492737,0.4072698950767517,-0.05917352810502052,0.46211546659469604,0.3168846666812897,-0.08416099846363068,0.4834137558937073,0.23863938450813293,-0.10352444648742676,0.2914465665817261,0.5133545994758606,-0.03538578376173973,0.326626181602478,0.33701610565185547,-0.057087723165750504,0.34423109889030457,0.22927868366241455,-0.08080881088972092,0.35526618361473083,0.13858306407928467,-0.09932926297187805,0.2131180763244629,0.51907879114151,-0.04563350975513458,0.22429394721984863,0.3521801829338074,-0.07225599884986877,0.23415502905845642,0.24587777256965637,-0.09957021474838257,0.24478034675121307,0.15103024244308472,-0.11934635788202286,0.1344732940196991,0.5614428520202637,-0.060731109231710434,0.09712086617946625,0.44262534379959106,-0.09040261805057526,0.0727854073047638,0.36211395263671875,-0.10703692585229874,0.05653351545333862,0.282113641500473,-0.11753986030817032
ESPACO,0.21147030591964722,0.9366399049758911,9.84383405011613e-07,0.3333264887332916,0.8905422687530518,-0.05025838688015938,0.4451943039894104,0.7950965166091919,-0.07199476659297943,0.5311004519462585,0.720291018486023,-0.09141939133405685,0.6035795211791992,0.6840086579322815,-0.11040513217449188,0.36901652812957764,0.5512428283691406,-0.03269605338573456,0.4307318925857544,0.40896373987197876,-0.06035105884075165,0.4624672532081604,0.3184365928173065,-0.08616837114095688,0.4845162034034729,0.23953339457511902,-0.1062406376004219,0.29069754481315613,0.5150585770606995,-0.03588911518454552,0.32570597529411316,0.33922475576400757,-0.058666765689849854,0.34303197264671326,0.23097318410873413,-0.08361443877220154,0.3539094924926758,0.13948065042495728,-0.10294177383184433,0.21233978867530823,0.5210047364234924,-0.046321988105773926,0.22356171905994415,0.3540477156639099,-0.07421991229057312,0.2340703010559082,0.24786418676376343,-0.10227522253990173,0.2453785538673401,0.1528920829296112,-0.12227892130613327,0.13332121074199677,0.5633369088172913,-0.06175626814365387,0.095688596367836,0.4436839818954468,-0.09240987151861191,0.07176434993743896,0.36216598749160767,-0.10953225195407867,0.05608922243118286,0.28076788783073425,-0.12027552723884583
ESPACO,0.2111850380897522,0.9378246068954468,9.78953949015704e-07,0.333005428314209,0.8923288583755493,-0.050954025238752365,0.44554078578948975,0.7965359687805176,-0.07295339554548264,0.5308158993721008,0.7203702330589294,-0.09239848703145981,0.603905975818634,0.6817268133163452,-0.11121686547994614,0.3696550726890564,0.5512621402740479,-0.0332450345158577,0.4309776723384857,0.40880733728408813,-0.060798969119787216,0.4627043604850769,0.3183577358722687,-0.08633990585803986,0.48477768898010254,0.23980611562728882,-0.10610469430685043,0.29116469621658325,0.5145631432533264,-0.03587627038359642,0.32576850056648254,0.3391566574573517,-0.058151450008153915,0.34299370646476746,0.2311198115348816,-0.08258317410945892,0.35388538241386414,0.13957825303077698,-0.10157495737075806,0.21261948347091675,0.5197855234146118,-0.045813754200935364,0.22347262501716614,0.35311055183410645,-0.07300084829330444,0.23371803760528564,0.24727046489715576,-0.10043296962976456,0.2451537698507309,0.15238520503044128,-0.12015687674283981,0.13323469460010529,0.5614797472953796,-0.06086531654000282,0.09454773366451263,0.4422043561935425,-0.09093622863292694,0.07075051963329315,0.36096328496932983,-0.10774438828229904,0.055903345346450806,0.2797752022743225,-0.11828232556581497
ESPACO,0.20983737707138062,0.9404482245445251,9.735794037624146e-07,0.3317643105983734,0.8952098488807678,-0.05088230222463608,0.44564396142959595,0.7971887588500977,-0.07267259806394577,0.5307831168174744,0.7225356101989746,-0.09204282611608505,0.603500485420227,0.6842664480209351,-0.1109297052025795,0.37003588676452637,0.5518750548362732,-0.033867307007312775,0.4310483932495117,0.40906983613967896,-0.062016647309064865,0.4620181918144226,0.31848517060279846,-0.08776188641786575,0.4833108186721802,0.23948439955711365,-0.10769376903772354,0.2907986044883728,0.5159289836883545,-0.03700516000390053,0.32578471302986145,0.3409366309642792,-0.06019531562924385,0.34319785237312317,0.23258841037750244,-0.085081547498703,0.35403886437416077,0.14038139581680298,-0.1043781265616417,0.21140146255493164,0.5225019454956055,-0.04750102758407593,0.2240784615278244,0.35532426834106445,-0.07593503594398499,0.23429709672927856,0.2488662600517273,-0.10445348173379898,0.2449251264333725,0.15322646498680115,-0.12483701854944229,0.131592258810997,0.5658220648765564,-0.06300058215856552,0.09548638761043549,0.4462699294090271,-0.09445922076702118,0.0714312493801117,0.36582624912261963,-0.11213471740484238,0.05520090460777283,0.2852943241596222,-0.12324258685112
ESPACO,0.211488276720047,0.9436080455780029,9.736855872688466e-07,0.3344056010246277,0.8992034196853638,-0.050369709730148315,0.4487617313861847,0.8033224940299988,-0.07182946801185608,0.5326398015022278,0.7265321016311646,-0.09075644612312317,0.6033753156661987,0.6888178586959839,-0.10909698158502579,0.3704856038093567,0.5548853874206543,-0.03328594192862511,0.4324200749397278,0.4125095307826996,-0.060631997883319855,0.4635523557662964,0.3211442828178406,-0.08591032028198242,0.48473644256591797,0.24250352382659912,-0.10553614795207977,0.2916814386844635,0.5183081030845642,-0.03626418113708496,0.32733777165412903,0.3427915573120117,-0.05856652930378914,0.3448614776134491,0.2344849407672882,-0.08274944126605988,0.3555484712123871,0.14361754059791565,-0.10154666751623154,0.21302996575832367,0.5241715312004089,-0.046478141099214554,0.224917933344841,0.35631200671195984,-0.07399313896894455,0.23502583801746368,0.2504696547985077,-0.10198520869016647,0.245334193110466,0.15641647577285767,-0.12212195992469788,0.13380125164985657,0.567432165145874,-0.06167364493012428,0.09625065326690674,0.44813111424446106,-0.09234100580215454,0.07225774228572845,0.3674902319908142,-0.10985277593135834,0.05641448497772217,0.28729549050331116,-0.12088791280984879
ESPACO,0.21085745096206665,0.943123996257782,9.738295148054021e-07,0.3336414694786072,0.8983896970748901,-0.05052432417869568,0.44759631156921387,0.8030582666397095,-0.07211321592330933,0.5312767028808594,0.7272477149963379,-0.09116357564926147,0.6020394563674927,0.6893093585968018,-0.10971806943416595,0.3702022135257721,0.5568466782569885,-0.03406544774770737,0.4318307340145111,0.4137861728668213,-0.061829980462789536,0.4628048539161682,0.3223884403705597,-0.08715245127677917,0.48419618606567383,0.24367758631706238,-0.10678258538246155,0.2914072573184967,0.5201265811920166,-0.03693156689405441,0.3270225524902344,0.34382274746894836,-0.059949591755867004,0.3447313606739044,0.23494035005569458,-0.08464401215314865,0.3557809293270111,0.1436532735824585,-0.10377197712659836,0.21278634667396545,0.5260421633720398,-0.047010328620672226,0.22486799955368042,0.3579300045967102,-0.07535194605588913,0.23476561903953552,0.25138989090919495,-0.10414150357246399,0.24473300576210022,0.15644562244415283,-0.12471689283847809,0.13367398083209991,0.5689330101013184,-0.061983056366443634,0.09679503738880157,0.44966405630111694,-0.09350040555000305,0.07280655205249786,0.3689071536064148,-0.11176956444978714,0.056582629680633545,0.28804340958595276,-0.12329541146755219
ESPACO,0.21177297830581665,0.9454613327980042,9.988305009756004e-07,0.33529984951019287,0.9004878997802734,-0.051945559680461884,0.4501565098762512,0.8076199293136597,-0.07430706918239594,0.5344935059547424,0.7300987243652344,-0.09406759589910507,0.6049157381057739,0.6904066801071167,-0.11312396079301834,0.3711261451244354,0.5586333870887756,-0.03233235329389572,0.43283262848854065,0.4166713356971741,-0.05987285077571869,0.4647604823112488,0.32513415813446045,-0.08522064983844757,0.48683983087539673,0.2465747594833374,-0.10484210401773453,0.29313239455223083,0.5220087170600891,-0.03483583778142929,0.32852861285209656,0.3454439640045166,-0.05737518519163132,0.34595662355422974,0.2369425892829895,-0.08170460164546967,0.35721686482429504,0.14526993036270142,-0.10040605813264847,0.21483920514583588,0.5277373790740967,-0.04496879130601883,0.22708001732826233,0.36058634519577026,-0.07356341928243637,0.23767074942588806,0.25336259603500366,-0.10246231406927109,0.2486588954925537,0.15851664543151855,-0.12290697544813156,0.13557395339012146,0.5700843930244446,-0.060167040675878525,0.09802235662937164,0.4522553086280823,-0.09187093377113342,0.07334581017494202,0.3712846636772156,-0.11009061336517334,0.05684691667556763,0.2908519208431244,-0.12150221318006516
ESPACO,0.21265628933906555,0.9477497339248657,9.786688224266982e-07,0.3351736068725586,0.9021995067596436,-0.050332628190517426,0.44870781898498535,0.8087106943130493,-0.07160300016403198,0.5324742197990417,0.7314234972000122,-0.09037282317876816,0.6025564074516296,0.6883935928344727,-0.1086248978972435,0.37101319432258606,0.5600957274436951,-0.03171181678771973,0.4328764081001282,0.41655850410461426,-0.05830634385347366,0.4645020365715027,0.3257105350494385,-0.08300989121198654,0.4865553677082062,0.246911883354187,-0.10233597457408905,0.29316243529319763,0.5240237712860107,-0.03466733917593956,0.3291302025318146,0.34643858671188354,-0.056500162929296494,0.34726402163505554,0.2373628318309784,-0.08088107407093048,0.35877764225006104,0.14573651552200317,-0.09996173530817032,0.21487043797969818,0.5305569767951965,-0.0450122244656086,0.22784732282161713,0.3613465428352356,-0.07328539341688156,0.23865018784999847,0.2540016174316406,-0.10268314182758331,0.24928602576255798,0.1586708426475525,-0.12375219166278839,0.13572266697883606,0.5733409523963928,-0.06013873964548111,0.09888602793216705,0.45398661494255066,-0.09232868254184723,0.07431663572788239,0.37287241220474243,-0.11115051060914993,0.057497888803482056,0.2920745313167572,-0.12309767305850983
ESPACO,0.21139371395111084,0.9482749700546265,1.0053795449493919e-06,0.3349176347255707,0.9055263996124268,-0.05293799191713333,0.44974881410598755,0.8115197420120239,-0.07633016258478165,0.5342010259628296,0.7367130517959595,-0.096878282725811,0.6048039197921753,0.6991505026817322,-0.11677601933479309,0.3721540570259094,0.5641075372695923,-0.03689219057559967,0.4343506991863251,0.42178165912628174,-0.06631365418434143,0.4661027789115906,0.3298012614250183,-0.09256016463041306,0.488655686378479,0.25045275688171387,-0.11262574791908264,0.29350945353507996,0.5263788104057312,-0.039257973432540894,0.32911691069602966,0.3508123755455017,-0.06352415680885315,0.3475778102874756,0.24226927757263184,-0.08836828172206879,0.36010196805000305,0.14980775117874146,-0.10729172825813293,0.214523583650589,0.5312386751174927,-0.04905252531170845,0.22766423225402832,0.3643190264701843,-0.0784764513373375,0.2392834722995758,0.25822409987449646,-0.10683503746986389,0.2512609362602234,0.16340768337249756,-0.12676534056663513,0.13557054102420807,0.5735505223274231,-0.06400515139102936,0.09939227998256683,0.45553308725357056,-0.09578971564769745,0.07522442936897278,0.3755699396133423,-0.11336815357208252,0.05869677662849426,0.29601988196372986,-0.1242280900478363
ESPACO,0.21065199375152588,0.9480223059654236,9.938634093487053e-07,0.33354443311691284,0.9036352038383484,-0.051681533455848694,0.4484805762767792,0.8121930360794067,-0.07493653893470764,0.53386390209198,0.7386693358421326,-0.0955309122800827,0.6046270728111267,0.6966144442558289,-0.11566291004419327,0.37230879068374634,0.5657593011856079,-0.03679067641496658,0.43465572595596313,0.42155763506889343,-0.06584858894348145,0.4658087491989136,0.329624742269516,-0.09165223687887192,0.4879968464374542,0.24980655312538147,-0.11133865267038345,0.2936820089817047,0.5279722213745117,-0.03948766365647316,0.329705148935318,0.35177621245384216,-0.06331092864274979,0.34824228286743164,0.24307143688201904,-0.08820775151252747,0.36068078875541687,0.1505371332168579,-0.10733367502689362,0.21445706486701965,0.5327458381652832,-0.049384281039237976,0.227620929479599,0.36470580101013184,-0.0781964510679245,0.23902714252471924,0.25794345140457153,-0.10640296339988708,0.25071781873703003,0.16252169013023376,-0.1264868825674057,0.13500471413135529,0.5744900703430176,-0.06425153464078903,0.09918743371963501,0.4551710784435272,-0.09582525491714478,0.07557947933673859,0.37479183077812195,-0.11321993172168732,0.05952531099319458,0.2951117753982544,-0.12394359707832336
ESPACO,0.21006028354167938,0.9486905336380005,9.857892564468784e-07,0.33351951837539673,0.9031845331192017,-0.0503670796751976,0.44882696866989136,0.812004566192627,-0.07230325043201447,0.5345373749732971,0.738696813583374,-0.09189484268426895,0.6063367128372192,0.6959477066993713,-0.11110972613096237,0.37202420830726624,0.5648172497749329,-0.03208502009510994,0.434089720249176,0.4215533137321472,-0.059333208948373795,0.46501949429512024,0.33079829812049866,-0.08450129628181458,0.4868355393409729,0.2515117824077606,-0.1040273979306221,0.29385507106781006,0.5283620357513428,-0.03515266627073288,0.3298427164554596,0.3522043228149414,-0.05773714557290077,0.34812840819358826,0.24283868074417114,-0.08275481313467026,0.35961687564849854,0.15102460980415344,-0.10216295719146729,0.21499916911125183,0.5348149538040161,-0.04556458815932274,0.22881647944450378,0.3655245304107666,-0.07427382469177246,0.24048008024692535,0.2590213716030121,-0.10358960926532745,0.25210273265838623,0.16419243812561035,-0.12442335486412048,0.13533052802085876,0.5773105621337891,-0.060740236192941666,0.09973615407943726,0.4577004313468933,-0.09297648072242737,0.07633158564567566,0.37702736258506775,-0.1114431619644165,0.060653865337371826,0.2973479926586151,-0.1229587271809578
ESPACO,0.2096993625164032,0.9486281871795654,9.794515563044115e-07,0.3327791690826416,0.9032618403434753,-0.04938747361302376,0.4479730725288391,0.811505138874054,-0.07047924399375916,0.5334221720695496,0.7390536069869995,-0.08937102556228638,0.6042211055755615,0.6967941522598267,-0.10794884711503983,0.3721309304237366,0.565359354019165,-0.031114526093006134,0.43398746848106384,0.4214639961719513,-0.058048997074365616,0.4648898243904114,0.330503910779953,-0.08296697586774826,0.4865933656692505,0.25091326236724854,-0.10237208008766174,0.2941036820411682,0.528981626033783,-0.034496646374464035,0.33010393381118774,0.3529331386089325,-0.05714341253042221,0.34836429357528687,0.24301677942276,-0.08254086226224899,0.3596840798854828,0.15059617161750793,-0.10219505429267883,0.21541553735733032,0.535286009311676,-0.04510537534952164,0.2288352996110916,0.3663225471973419,-0.07373835146427155,0.2400362193584442,0.25921884179115295,-0.10350432991981506,0.25134748220443726,0.16346558928489685,-0.12468890100717545,0.1356775015592575,0.5772426724433899,-0.060367945581674576,0.09945623576641083,0.45815014839172363,-0.09246634691953659,0.07603655755519867,0.3774222731590271,-0.11122028529644012,0.06074759364128113,0.29751497507095337,-0.12301567941904068
